time,model,forecast,upper80,upper95,lower80,lower95
2019-07-06,STL.25,17640.4969767452,17720.4143598902,17762.7200670321,17560.5795936001,17518.2738864582
